[
    {
      "Component": "app-cvams",
      "Uptime": "95%",
      "Status": "https://encrypted-tbn0.gstatic.com/images?q=tbn:ANd9GcTFlsaxynOprhxxF_Jwit1NLRx8CevE05_bUw&s",
      "MailSent": false
    },
    {
      "Component": "app-cvada",
      "Uptime": "90%",
      "Status": "https://encrypted-tbn0.gstatic.com/images?q=tbn:ANd9GcTFlsaxynOprhxxF_Jwit1NLRx8CevE05_bUw&s",
      "MailSent": false
    },
    {
      "Component": "app-micro",
      "Uptime": "85%",
      "Status": "https://www.iconpacks.net/icons/3/free-red-arrow-down-icon-11380-thumb.png",
      "MailSent": true
    }
  ]
  